,rain_point_mmhr,rain_mean_5km_mmhr,rain_mean_10km_mmhr,rain_mean_15km_mmhr,rain_mean_20km_mmhr,rain_mean_25km_mmhr
rain_point_mmhr,1.0,0.9968264559920914,0.9894993659486429,0.9763767306878478,0.9581059028373009,0.935852877787665
rain_mean_5km_mmhr,0.9968264559920914,1.0,0.9971081739168363,0.9875098076568417,0.9717909761958025,0.9511929509243724
rain_mean_10km_mmhr,0.9894993659486429,0.9971081739168363,1.0,0.9961868061141138,0.9850509466043466,0.9677516488617539
rain_mean_15km_mmhr,0.9763767306878478,0.9875098076568417,0.9961868061141138,1.0,0.9959615938287604,0.9843689225333991
rain_mean_20km_mmhr,0.9581059028373009,0.9717909761958025,0.9850509466043466,0.9959615938287604,1.0,0.995914485948489
rain_mean_25km_mmhr,0.935852877787665,0.9511929509243724,0.9677516488617539,0.9843689225333991,0.995914485948489,1.0
